asset,RMSE_TFT,MAE_TFT,R2_TFT
AAPL,0.010897344454797757,0.006138329584734603,0.8466713924594187
IBEX35,0.0025641772606315215,0.0017241985550209618,0.889222528076603
MSFT,0.005612874545371673,0.0035061475262386597,0.9057929498400827
NASDAQ,0.006988917240565427,0.0038233589560874243,0.8262344386754917
S&P500,0.004418000716146765,0.00260083570362446,0.8706205892556381
