asset,RMSE_LSTM,MAE_LSTM,R2_LSTM
AAPL,0.016830462980663544,0.010322368075406364,0.634258748406868
IBEX35,0.004780057337505779,0.00349019554724408,0.6150347062012715
MSFT,0.011098709305142507,0.007352495184203554,0.6316525222137243
NASDAQ,0.009320761378447461,0.005576990843683121,0.6909372305862063
S&P500,0.006491360701970161,0.0039528125224245324,0.7206909033330557
