asset,RMSE_LSTM,MAE_LSTM,R2_LSTM,MAPE (%)_LSTM,MBE_LSTM,RMSE_TFT,MAE_TFT,R2_TFT,MAPE (%)_TFT,MBE_TFT
AAPL,0.016830462980663544,0.010322368075406358,0.634258748406868,3.5247938653369753,-0.003035167394477021,0.010897344454797757,0.0061383295847346015,0.8466713924594186,2.061553771829793,0.001383735815124216
IBEX35,0.0047800573375057775,0.0034901955472440805,0.6150347062012715,2.0466690975545174,-0.001740747025066449,0.0025641772606315194,0.0017241985550209608,0.8892225280766032,1.0010853409636882,-0.0005797695651538747
MSFT,0.011098709305142508,0.007352495184203555,0.6316525222137244,2.736931691829148,0.0007318513560985262,0.005612874545371672,0.003506147526238657,0.9057929498400827,1.2947186675284337,0.0014133699677212044
NASDAQ,0.009320761378447465,0.005576990843683124,0.690937230586206,2.575912529026415,0.000723818314661136,0.006988917240565432,0.003823358956087429,0.8262344386754915,1.7574332578668794,-5.3670923171084835e-06
S&P500,0.006491360701970156,0.00395281252242453,0.7206909033330562,2.407241355091161,-0.0002143312855545048,0.004418000716146766,0.00260083570362446,0.8706205892556381,1.5979278004027448,-0.0006918773161454883
